1000;Mason May;Male;27/7/1987;ti@opuriha.ch;True;
1003;Jean Ramsey;Female;5/3/1997;awkejnet@ti.sd;True;
1004;Helen McKinney;Male;20/8/1978;sunijuc@sidha.lb;True;
1006;Leo Curry;Female;18/9/1989;nobgaug@dovmodke.sl;True;
1007;James Ortiz;Female;26/5/1957;fomgoh@nejvijim.fi;True;
1008;Lida Herrera;Male;27/5/1976;gu@wa.br;True;
1010;Alberta Poole;Male;27/12/1959;jipfic@vuewi.ie;True;
1011;Dennis Stokes;Female;9/6/1976;hejo@om.mm;True;
1020;Edward Cooper;Male;11/3/1968;lovizco@jegjev.lk;True;
1021;Elmer Ford;Male;13/1/1992;ewfapi@ureatu.bn;True;
1023;Tillie Haynes;Male;4/8/1956;jeggej@ti.ee;True;
1024;Jared Garrett;Male;21/10/1969;cibikve@rasufzor.tj;True;
1026;Jeffery Sanchez;Male;17/6/1973;uwuzob@kibonec.at;True;
1027;Myra Ortega;Female;11/4/1957;je@gu.ua;True;
1029;Leah Griffith;Female;6/2/1980;medikini@jepiv.tr;True;
1030;Franklin Lambert;Male;7/1/1970;guwce@furiju.es;True;
1032;Gabriel Carlson;Male;25/1/1997;kin@usrobtoc.dm;True;
1034;Alta Conner;Female;10/2/1982;jis@watsahju.tc;True;
1036;Jeff Ramirez;Female;21/7/1964;se@ci.th;True;
1038;Edwin Bridges;Female;16/5/1958;buvab@vim.pg;True;
1040;Viola Hernandez;Female;19/1/1988;va@zuzci.tz;True;
1042;Essie Turner;Male;11/3/1995;dumwi@on.sy;True;
1043;Mable Barton;Male;9/12/1968;buichol@meazfeb.na;True;
1045;Vernon Hines;Male;30/12/1980;na@vu.tw;True;
1046;Nell Underwood;Female;16/6/1954;telab@ep.nz;True;
1048;Julian McDonald;Male;13/1/1981;urola@tosne.ba;True;
1050;Leonard Sherman;Male;10/8/1995;gu@sifamu.mn;True;
1051;Polly Daniel;Male;6/6/1954;herziwab@jurwijewo.hr;True;
1052;Charles Sullivan;Male;13/6/1999;depjise@dip.eh;True;
1055;Aaron Daniel;Female;3/7/1953;ge@ujuduw.gov;True;
1056;Susie Andrews;Male;20/11/1955;codeda@utmob.sj;True;
1060;Mittie Webster;Male;15/3/1976;fe@wivahkef.cg;True;
1062;Alma Hughes;Male;25/4/1986;kiotro@som.us;True;
1064;Mason Fernandez;Female;3/12/1987;vo@nugporo.co.uk;True;
1065;Lucille Carlson;Female;4/3/1963;zigwu@gavoz.zw;True;
1067;Gavin Graves;Female;23/12/1990;fo@mifniwo.vi;True;
1068;Daisy Taylor;Female;17/9/1999;coute@wabfufih.ba;True;
1069;Myrtle Robertson;Male;12/12/1980;biwo@goarze.mu;True;
1070;Bessie Zimmerman;Female;10/3/1983;bodlik@ahoha.in;True;
1071;Katharine Warren;Male;21/4/1988;moz@ak.mt;True;
1072;Estelle Higgins;Female;29/8/1968;hi@linojzi.cd;True;
1073;Gregory McBride;Male;10/7/1954;abejavle@ha.gov;True;
1074;Gary Sandoval;Male;8/2/1986;holucegi@wev.np;True;
1075;Milton Ortiz;Male;21/12/1973;es@ju.mp;True;
1077;Warren Ruiz;Male;21/4/1971;tucucfa@vaesihop.bi;True;
1078;Bess Rodriguez;Female;27/9/1960;rilburna@na.ne;True;
1079;Adelaide Graham;Female;14/8/1993;ik@zi.tr;True;
1081;Stephen Herrera;Female;7/5/1994;hakjewof@hoajmu.hk;True;
1085;Harriet Daniel;Male;30/6/1996;hegku@banlar.gh;True;
1087;Gerald Swanson;Female;13/6/1983;dehe@mih.aw;True;
1088;Sophie Becker;Female;30/8/1996;eviuropip@ne.st;True;
1089;Olive Hawkins;Male;27/1/1966;gausku@ko.za;True;
1091;Adam Houston;Female;25/8/1986;ugu@awcowje.ve;True;
1092;Lela Alexander;Female;22/5/1995;vazeju@ijdicuwu.ma;True;
1093;Charles Glover;Female;25/12/1976;pifhidwem@usdajtac.va;True;
1094;Emily Nunez;Male;4/7/1973;suwab@fedma.fo;True;
1097;Lottie Harper;Female;20/6/1968;icohen@dobfifur.sv;True;
1100;Bill Phelps;Female;8/12/1996;ezi@pe.ie;True;
1101;Ella Peterson;Female;11/7/1991;ig@id.ml;True;
1103;Anne Chavez;Male;23/9/1977;neeja@nemiene.aw;True;
1106;Frank Andrews;Female;6/8/1967;livomse@pam.bt;True;
1107;Duane Ramsey;Male;11/2/1996;osaehku@ze.su;True;
1108;Inez Daniel;Male;23/2/1974;tije@uwicuule.je;True;
1109;Willie Maxwell;Male;4/10/1970;paf@kija.zm;True;
1110;Jack Coleman;Male;19/8/2000;we@limurmuv.bd;True;
1111;Joe Hart;Male;5/1/1998;ne@daveka.ru;True;
1114;Lucas Joseph;Female;21/3/1988;zi@mihab.vi;True;
1115;Clifford Nichols;Male;26/10/1975;ede@hen.ms;True;
1120;Chris Bridges;Male;19/3/1990;jeguhmic@miihi.cd;True;
1121;Sallie Erickson;Male;2/8/1963;bu@cogki.su;True;
1122;Landon Caldwell;Male;24/4/1986;lowpupvoh@tinotgik.pa;True;
1125;Florence Davis;Female;20/3/1988;ipufa@oljicev.az;True;
1128;Mable Hanson;Male;19/9/1986;cico@ise.ss;True;
1130;Ray Martin;Female;4/12/1954;za@bijdit.gp;True;
1132;Joseph McCarthy;Female;8/10/1958;ec@icehufav.th;True;
1136;Christina Hughes;Female;30/9/1992;hiras@kug.sr;True;
1137;Susan Clarke;Male;21/11/1978;jikkobof@mo.gov;True;
1140;Jordan Hawkins;Male;11/2/1955;ulakadup@sa.nz;True;
1142;Juan Russell;Male;13/10/1991;wi@da.bi;True;
1144;Isabel Norris;Male;30/1/1994;pebero@mom.mx;True;
1145;Marguerite Bowers;Female;13/5/1966;jeedez@bezi.uy;True;
1146;Charlotte Wise;Male;31/7/1983;succifdos@jigucome.uk;True;
1147;Peter Phelps;Female;21/11/1958;kotdahdo@uhihup.cm;True;
1148;Jerry Rodriguez;Female;24/2/1962;to@hod.zm;True;
1149;Francis Munoz;Male;23/7/1976;nuvocvag@raw.ma;True;
1150;Leila Hughes;Male;5/11/1972;zijdi@bun.pt;True;
1153;Stephen Russell;Male;1/12/1995;ahociz@towere.gg;True;
1156;Alberta Miles;Female;12/10/1965;fajupuw@do.pn;True;
1159;Virginia Shaw;Female;19/5/1982;jobodujot@vauceca.gy;True;
1160;Gordon Ramsey;Male;11/10/1964;muvunav@wo.eu;True;
1162;Cory Cain;Male;11/5/1976;of@mu.cr;True;
1164;Julian Ball;Male;19/8/1985;fibwekav@jub.va;True;
1166;Bessie Frazier;Female;27/6/1976;mihihho@zodnesge.nl;True;
1169;Hattie McDonald;Female;11/6/1959;unbuuve@ulaomka.al;True;
1173;Harold Shaw;Female;28/6/2000;ciszuuzo@borgubhoc.cf;True;
1176;Emilie Moran;Male;10/10/1960;ipiug@rovop.eh;True;
1177;Beatrice Henry;Female;20/4/1976;kogjojdez@do.si;True;
1179;Lillian Hall;Female;30/1/1981;jik@iwezako.je;True;
1181;Loretta Rogers;Male;17/9/1977;acbaw@nejjouti.co;True;
1182;Edna Morgan;Female;1/9/1991;remaewi@worago.bv;True;
1183;Isaiah Hayes;Female;29/4/1967;ah@lohilni.tr;True;
1185;Minnie Pierce;Female;15/7/1982;nara@lobosbi.ph;True;
1189;Tillie Fields;Male;16/7/1998;so@otu.gy;True;
1190;Olivia Norton;Male;25/4/1996;lawa@titfo.bh;True;
1191;Jeremiah Long;Female;16/8/1976;taje@tetu.yt;True;
1193;Cory Franklin;Female;30/7/1975;redejazi@azuve.lu;True;
1195;Marvin Dixon;Male;27/8/1972;riur@jeg.to;True;
1196;Connor Bates;Male;28/2/1986;segetujah@rizi.ba;True;
1197;Nicholas Collier;Male;5/2/1969;te@bogos.ao;True;
1199;Willie Harmon;Male;25/10/1978;afomigij@ozzilse.bb;True;
1202;Jayden Carter;Male;2/6/1953;jal@tejpukzow.by;True;
1203;Mario Cunningham;Male;3/10/1996;ob@wazeas.gu;True;
1205;Margaret Ryan;Female;25/12/1994;zedaaci@fuvala.sn;True;
1206;Ella Turner;Female;17/4/1964;fole@udunas.sz;True;
1207;Dennis Rice;Female;23/11/1984;uhhe@rib.ne;True;
1208;Mabel Medina;Female;14/7/1964;jut@keznucvo.pw;True;
1209;Mabelle Wade;Female;6/11/1971;ramnun@cogapi.za;True;
1211;Peter Spencer;Male;8/2/1980;ba@to.ng;True;
1215;Scott Zimmerman;Female;1/10/1953;fuceumi@acegelez.ie;True;
1216;Alice Garza;Female;21/10/1963;jev@sarem.bs;True;
1218;Gene Guzman;Male;10/9/1977;wivib@wol.bh;True;
1219;Herman Newton;Male;20/11/2000;min@luzek.je;True;
1223;Leah Anderson;Male;8/1/1975;gefe@kumgahat.gr;True;
1224;Frank Cruz;Male;23/9/1962;riikil@zid.jp;True;
1225;Beatrice Collins;Female;28/2/1987;gebag@pezaoli.md;True;
1230;Gabriel Guerrero;Female;6/11/1976;em@di.mh;True;
1231;Maggie Lee;Female;30/6/1953;sir@vurod.ac;True;
1232;Luella Owen;Male;21/2/1994;zo@idigo.cf;True;
1236;Nathaniel Garza;Female;31/10/1969;apagawne@cigzane.nf;True;
1238;Cody Fernandez;Female;3/12/1962;lim@okri.eu;True;
1240;Jean Caldwell;Male;8/6/1955;reflowpo@ropfuv.bw;True;
1242;George Berry;Male;21/12/1968;gokvogur@tagsacbuz.gy;True;
1246;Francisco Fowler;Male;15/5/1992;pef@rotticga.zm;True;
1248;Lora Collins;Female;26/1/1995;go@gebpih.tw;True;
1249;Henrietta Woods;Female;28/4/1980;zinsez@mufut.vu;True;
1251;Chester Pierce;Male;7/12/1961;sasokgac@ecuiba.sj;True;
1255;Emma Romero;Female;20/10/1954;bulecvu@kavrera.cn;True;
1256;Myra Casey;Male;26/12/1968;tosu@wapi.pf;True;
1257;Katherine McKenzie;Male;12/10/1981;ob@wufar.pw;True;
1258;Adeline Burke;Male;24/8/1977;vatjeupi@bukvihjad.eg;True;
1260;Adeline Clayton;Male;19/9/1989;den@tin.cl;True;
1264;Ethan Miller;Female;16/4/1989;hubfo@nejis.dm;True;
1268;Nathaniel Delgado;Female;6/9/1993;sowaf@rotebo.cx;True;
1269;Cole Moran;Female;6/12/1958;dupidwe@modun.sc;True;
1271;Marguerite Pena;Male;12/5/1968;va@picokhuf.ni;True;
1275;Vernon Logan;Male;24/7/1997;teopohug@dome.km;True;
1278;Clara Page;Female;18/7/1965;av@gab.pr;True;
1279;Amy Gonzales;Female;7/12/1967;oseawrah@niza.sv;True;
1280;Joshua Harvey;Male;1/2/1976;hap@tuwuzir.ci;True;
1281;Lottie Cunningham;Male;27/1/1954;sog@norlum.sm;True;
1282;Don James;Female;27/4/1965;orpofger@emo.pe;True;
1284;Christina Higgins;Male;4/1/1968;ab@sigheov.gf;True;
1285;Rosie Richards;Male;22/4/1988;puegzif@hemuaji.rs;True;
1287;Owen Dawson;Female;9/1/1997;navgevme@wirat.eh;True;
1288;Agnes Carroll;Female;28/9/1967;sol@doze.gw;True;
1290;Bettie Riley;Female;1/11/1987;fatef@ur.sd;True;
1293;Chad Andrews;Female;5/11/1986;nivfo@sacese.at;True;
1296;Joseph Walker;Male;4/9/1993;samodmoz@sakor.ar;True;
1298;Bettie Jones;Female;28/7/1961;sicipsam@rokgoj.by;True;
1299;Elva Sims;Male;28/12/1969;misu@ihvuscal.sd;True;
1303;Agnes Cole;Male;14/12/1994;rurnog@me.ml;True;
1305;Sean Sandoval;Female;29/3/1992;lehla@tenpuso.co.uk;True;
1306;Cora Sullivan;Female;7/3/1969;nudfuf@pejdozej.kh;True;
1307;Elnora Hoffman;Female;31/10/1965;fe@ab.fk;True;
1308;Lloyd Rowe;Female;13/8/1970;jawgawum@usudiz.gg;True;
1310;Eunice Boyd;Female;28/8/1977;kam@ti.gg;True;
1312;Viola Morgan;Female;27/11/1980;vaj@ni.mu;True;
1313;Rhoda Holland;Female;25/11/1968;uzubil@hizirik.an;True;
1316;Fannie Diaz;Male;9/10/1969;mopu@bomohak.ye;True;
1319;Alice Moss;Female;20/6/1995;kevomopid@tizeb.pl;True;
1321;Harry Barton;Male;11/4/1993;ebunuf@pasju.jo;True;
1322;Barry Potter;Male;23/5/1977;irjezdoh@dorob.sg;True;
1324;Vernon Sandoval;Female;9/3/1967;bejov@sabdeve.sy;True;
1325;Dean Newman;Female;21/10/1975;ripuken@voefsu.kz;True;
1327;Alexander Weber;Male;30/7/1954;kesgocdiw@ta.th;True;
1328;Victor Jensen;Female;11/4/1954;hoti@ihligba.ke;True;
1329;William Martinez;Male;24/8/1982;no@nu.bv;True;
1330;Celia Gilbert;Male;14/11/1988;naozoodu@pa.td;True;
1332;Warren McBride;Female;18/4/1994;inwi@efsic.kw;True;
1335;Amelia Tucker;Female;14/5/1982;ova@ejte.hr;True;
1339;Randy Barton;Male;2/4/1984;te@efi.iq;True;
1340;Polly Reeves;Male;28/2/1988;fuw@ekajohis.sl;True;
1344;Kyle Lawrence;Male;16/6/1999;hiaziub@sulemuce.mg;True;
1345;Nell Nichols;Male;9/7/1994;uretuhgic@bo.pm;True;
1346;Bernard Murray;Male;27/12/1969;bom@postojfe.as;True;
1347;Cornelia Powers;Female;6/6/1969;fildufuh@ve.td;True;
1348;Lucille Caldwell;Male;18/5/1992;if@bi.al;True;
1350;Leonard Little;Male;19/4/1999;fijto@efuna.cm;True;
1352;Howard Berry;Male;16/9/1960;far@tutpulok.er;True;
1353;Barry Watkins;Female;3/8/1964;faigufes@mouvurir.no;True;
1355;Joe Lyons;Female;11/11/1956;ejovob@coc.tr;True;
1356;Jeffery Bailey;Female;9/2/1968;wo@do.va;True;
1359;Lena Ortiz;Female;13/5/1965;ge@suzen.zm;True;
1363;Henrietta Bass;Female;26/10/1990;tarcij@hadawbid.bf;True;
1364;Duane Rodriquez;Female;26/12/1988;izolkoh@duhje.ms;True;
1367;Verna Keller;Female;12/4/1968;umwujuc@cerci.ps;True;
1368;Ellen Wheeler;Female;2/5/1992;movre@jilca.gy;True;
1373;Grace Schneider;Female;23/7/1976;zi@rojelac.la;True;
1375;Sophie Harvey;Male;20/4/1987;cun@uvoteuv.ht;True;
1376;Russell Murray;Female;11/4/1975;ejlen@jamu.se;True;
1377;Troy Love;Female;13/12/1997;fedhubso@do.om;True;
1381;Polly Sullivan;Male;18/6/1987;morelhev@otpudju.pt;True;
1382;Phillip Logan;Male;14/3/1973;uraicra@pec.gy;True;
1383;Cynthia Anderson;Female;22/6/1989;joujje@digrap.py;True;
1388;Rosa Peterson;Male;28/8/1956;elo@beic.bi;True;
1394;Lora Garcia;Female;5/12/1969;vir@jiavutuj.gh;True;
1395;David Payne;Female;3/5/1978;rugidviz@kas.sv;True;
1396;Paul Schmidt;Male;3/10/1965;ucetud@ej.jo;True;
1398;Troy Weber;Female;26/9/1995;do@pawarfec.tw;True;
1399;Mayme Wagner;Female;21/3/1959;wep@sempifu.et;True;
1403;Russell Fields;Male;1/5/1996;gufrujba@kegpid.ar;True;
1405;Nancy Wright;Female;7/11/1965;osofozwim@popfurkaz.bv;True;
1406;Gavin May;Male;6/4/1986;ikefih@ka.jm;True;
1409;Hattie Francis;Male;21/8/1999;nihbiwip@gof.sx;True;
1410;Julia Ortega;Male;29/8/1956;kowkujes@geche.ci;True;
1414;Lillie Wheeler;Female;1/1/1954;bejuh@wu.id;True;
1415;Jeffrey Lambert;Male;15/5/1974;zefruwum@ip.im;True;
1416;Clara Jennings;Male;5/11/1985;so@biiko.ky;True;
1417;Larry Howard;Female;21/2/1985;demsiroh@zadullum.ie;True;
1418;Harriett Watkins;Female;3/8/1982;je@hapwaw.jo;True;
1422;Lawrence Pratt;Female;14/12/1970;wiave@epedofas.sc;True;
1424;Willie Maxwell;Male;27/8/1972;ihavefef@bisji.do;True;
1425;Lois Reid;Male;16/5/1978;eceopsi@rac.bi;True;
1427;Mayme Nash;Female;19/9/1958;lof@li.es;True;
1429;Leo Stone;Male;6/4/1985;si@du.mu;True;
1430;Dean Bell;Male;24/9/1955;enuho@laz.eg;True;
1431;Vera Miles;Female;4/3/1985;tij@zobapo.bi;True;
1432;Hunter Moore;Female;9/3/1981;gacheh@lu.by;True;
1433;Lettie McKenzie;Male;19/2/1971;fa@leh.mt;True;
1434;Jonathan Harris;Male;16/7/1957;vasfenjes@lemope.tg;True;
1435;Miguel Lawson;Male;4/11/1972;rel@wun.com;True;
1436;Della Alvarado;Male;1/1/1980;ofifi@sofhilig.mz;True;
1437;Amy West;Female;20/6/1959;foitije@mew.io;True;
1438;Lillie Saunders;Male;31/8/1973;mat@lip.mq;True;
1441;Matilda May;Male;17/10/1979;wup@wihzupi.bh;True;
1442;Lloyd Howell;Male;10/11/1969;leb@nunacgot.mo;True;
1445;Wesley Hamilton;Female;19/7/1977;elonko@ja.hm;True;
1448;Edward McCoy;Male;24/11/1975;ic@jeser.tg;True;
1450;Violet Gonzalez;Female;2/5/1958;mipnu@ca.mz;True;
1451;Jennie Green;Male;27/4/2000;ci@acuej.th;True;
1452;Jeremy Tate;Male;13/9/1969;guzciw@kugmas.pk;True;
1453;Mildred McCoy;Female;19/7/1984;ab@no.it;True;
1454;Rachel Tyler;Female;18/1/1967;ovojakob@ucveze.gf;True;
1456;Nellie Lawson;Male;24/10/1994;unkabi@luhew.td;True;
1458;Lucy Murphy;Male;27/7/1971;jotfa@zu.km;True;
1459;Laura Powell;Female;1/10/1981;poswo@tuwiba.bj;True;
1460;Pauline Atkins;Female;1/3/1975;kiwko@caza.mz;True;
1461;Dollie Houston;Female;27/2/1974;rizibe@amroid.ae;True;
1462;Mamie Hunt;Male;1/1/1960;jotuhibem@du.ao;True;
1464;Eugenia Greene;Female;6/3/1955;ba@sannos.br;True;
1465;Lenora Johnson;Female;11/9/1960;dit@bajubu.rw;True;
1469;Phillip Baldwin;Female;6/6/1978;isipi@temra.zw;True;
1471;Jimmy Cruz;Male;6/11/1965;lohicip@zapbowoj.ws;True;
1472;Mayme Ward;Male;14/4/1981;fojupeji@devcemo.sk;True;
1475;Dominic McLaughlin;Male;26/4/1981;nihemame@ocegeoko.sx;True;
1478;Birdie Christensen;Male;8/7/1998;nubapa@mopmighaw.es;True;
1479;Hallie Peters;Male;21/3/1997;hetic@sowlul.cz;True;
1480;Elmer Burns;Female;19/11/1987;kimsin@sabge.km;True;
1483;Billy Schmidt;Female;6/4/1986;cu@zoteh.nl;True;
1487;Myra Hart;Male;15/5/1955;isirakci@ikzit.io;True;
1488;Mina Vargas;Female;20/12/1980;peg@zeozeika.ua;True;
1489;Glen Nichols;Male;24/7/1967;uwvu@ce.er;True;
1491;Lois Harrison;Female;25/4/1997;fuesoma@hejobnuw.de;True;
1492;Jacob Simon;Female;8/7/1996;omdoreh@gap.de;True;
1496;Tillie Ingram;Female;6/8/1971;maop@izihi.uk;True;
1499;Lee Wagner;Male;11/12/1975;amaabi@uto.org;True;
1500;Francisco Thompson;Male;5/8/1954;ma@ipiekkog.hn;True;
1502;Sean Gill;Male;26/7/1978;cohal@lu.tv;True;
1506;Eric Garner;Male;2/8/1986;mifsavjiw@fahemaham.vi;True;
1507;Amy Wolfe;Female;15/9/1964;ka@kun.sj;True;
1509;Jon Newman;Male;11/7/1983;kildo@dotzon.bm;True;
1510;Todd Hicks;Male;30/3/1975;kem@dez.me;True;
1512;Noah Waters;Female;26/2/1981;ocikud@im.kz;True;
1515;Eric Mann;Female;26/2/1973;ke@gekfa.fi;True;
1516;Juan West;Female;19/3/1962;mo@kac.cc;True;
1517;George Miles;Male;27/5/1963;da@gi.mu;True;
1518;Christian Sanders;Male;26/9/1964;sopalar@kukbadiwa.ug;True;
1522;Bill Johnston;Male;18/10/2000;juwhabgak@tum.mp;True;
1523;Shawn Warren;Female;21/7/1972;bajhum@gahaje.cx;True;
1525;Sam Romero;Female;10/2/1996;duf@igiohe.as;True;
1526;Nathaniel Mason;Male;6/8/1983;embuh@itije.vc;True;
1528;Micheal Gill;Male;31/3/1991;riat@jab.sr;True;
1532;Catherine Daniel;Male;15/7/1975;me@siulede.cc;True;
1534;Blake Mathis;Male;21/9/1961;ofasadlav@puwnizgi.bm;True;
1535;Michael Frank;Male;5/10/1996;cidpeji@vivavmun.pg;True;
1536;Eunice Valdez;Male;29/3/1990;sev@nac.pk;True;
1537;Tyler Thompson;Male;17/12/1985;udvo@rojajuw.gg;True;
1539;Jacob Price;Female;18/12/1954;fahaj@ukejeimu.cy;True;
1540;Rose McDaniel;Female;8/4/1962;suresmot@pefovon.ru;True;
1542;Charles Bennett;Female;2/7/1977;rawlom@faluk.pa;True;
1549;Stephen Malone;Female;16/4/1961;jinke@lizfu.ph;True;
1550;Vera Jacobs;Female;19/12/1966;icudoso@vacabuca.cw;True;
1552;Jesse Gilbert;Female;28/9/1971;micius@itej.co;True;
1555;Amelia Barker;Male;27/3/1975;ep@lej.wf;True;
1557;Dale Jordan;Female;3/12/1987;ulagesopa@notfa.jp;True;
1559;Laura Black;Male;26/12/1965;buwo@kipu.gt;True;
1561;Charlie Stone;Male;14/5/1963;ihepudez@jom.ke;True;
1562;Antonio Pope;Male;11/4/1959;egaoksis@se.nu;True;
1563;Timothy French;Female;22/2/1965;egiliwdu@vezhepla.aq;True;
1565;Cole Wagner;Male;31/12/1992;hegbinig@kafetwu.fo;True;
1566;Bertha Clark;Male;15/3/1976;fow@seluw.td;True;
1568;Evan Zimmerman;Male;18/1/1960;susu@veejo.st;True;
1569;Milton Duncan;Female;4/4/1969;owu@jivwiwid.vi;True;
1571;Katherine George;Female;15/11/1979;manical@buzo.it;True;
1576;Alberta Bennett;Male;2/5/1972;uccekozi@hujnu.al;True;
1579;Bertie Patrick;Female;3/6/1998;gasiab@pizjacri.cg;True;
1580;Isabella Buchanan;Female;8/3/1960;uscitgar@batihkig.mh;True;
1581;Olive Robertson;Female;2/1/1973;wofadra@avkaro.net;True;
1582;Mark Simon;Female;18/4/1999;zocok@red.np;True;
1583;Alvin Frank;Male;14/10/1971;kirji@ogo.am;True;
1586;Lucy Banks;Female;14/12/1965;sijodnet@galted.vc;True;
1587;Eddie Allison;Female;5/10/1963;fovi@varet.ru;True;
1591;Eunice Ingram;Female;9/5/1999;ceje@pofhuhsub.gq;True;
1592;Tommy Bates;Female;30/9/1982;popfi@res.ba;True;
1596;Willie Craig;Female;28/7/1999;ejimus@eg.bh;True;
1599;Christine Larson;Male;15/9/1963;noraz@gimdin.cg;True;
1600;Sean Washington;Male;15/6/1955;roh@puboga.km;True;
1601;William Foster;Male;4/5/1967;sewsaji@ivdais.bi;True;
1602;Olivia Cohen;Female;4/11/1987;komso@culi.gr;True;
1605;Cordelia Scott;Female;13/7/1980;lerfa@onmaebi.tr;True;
1606;Zachary Osborne;Female;29/3/1988;hij@fowkaaz.bh;True;
1607;Mable Hayes;Male;16/11/1984;avvih@cafo.zw;True;
1609;Olga Clayton;Male;8/11/1953;umawi@kit.bm;True;
1611;Rosie Bennett;Female;27/10/1955;pecsiihe@legawi.cx;True;
1614;Nettie James;Female;5/3/1985;ip@ruka.im;True;
1616;Paul Jacobs;Male;29/7/1980;tufumi@lo.li;True;
1618;Alma Mitchell;Female;8/5/1980;seg@pikre.sd;True;
1620;Ida Hansen;Female;21/10/1953;nubujbe@dan.ie;True;
1622;Eva Reynolds;Male;1/4/1987;soekubeb@uro.vc;True;
1623;Christine Griffin;Female;19/11/1961;ikeic@do.ma;True;
1624;Charlie Griffin;Male;6/6/1963;utosu@co.mn;True;
1625;Bobby Cruz;Female;8/12/1975;iw@veru.iq;True;
1626;Mittie Reynolds;Female;22/1/1984;ibele@rul.ck;True;
1628;Jason Foster;Female;30/10/1997;vucimwe@babpeg.gf;True;
1630;Chase Bowman;Male;26/11/1985;bob@pine.pr;True;
1632;Cordelia Duncan;Female;8/6/1964;ris@tifvu.ar;True;
1633;Claudia May;Male;11/7/1996;seewoet@celsegog.bf;True;
1634;Jeanette Wheeler;Female;4/9/1978;baz@ac.bz;True;
1638;Austin Vega;Male;17/4/1959;suz@ti.bw;True;
1639;Harry Figueroa;Female;9/5/1958;nekbovote@cih.org;True;
1640;Esther Boone;Female;10/4/1975;mevde@je.eu;True;
1643;Harry Day;Male;30/11/1963;ej@nuh.io;True;
1644;Etta Roberts;Female;5/9/2000;loruli@fa.bo;True;
1645;Allie Christensen;Female;23/2/1971;tol@zuwhatejo.gq;True;
1647;Francis Brown;Female;14/12/1955;iruka@rovimnum.pr;True;
1649;Minnie Rios;Male;21/5/1996;poste@secullu.cl;True;
1650;Ora Barrett;Female;24/2/1987;af@jomseg.pe;True;
1653;Bernard Wilkins;Female;17/7/1978;hedfuzil@jiin.do;True;
1654;Estella Boone;Female;23/5/1970;uldulbo@fica.ps;True;
1656;Joshua Hunter;Female;11/10/1968;uhiru@hijagtus.gy;True;
1658;Ina Garrett;Female;17/6/1964;saporeufe@jizinawo.ms;True;
1659;Emilie Chambers;Female;2/7/1992;cof@likruse.us;True;
1660;Raymond Waters;Male;9/9/1963;mujotig@pujrubu.net;True;
1667;Dominic Garza;Female;7/7/1970;kicvet@da.edu;True;
1671;Mike Weaver;Female;19/3/1987;tadole@pehlol.bz;True;
1672;Tommy Campbell;Female;14/7/1954;aribfo@vo.mz;True;
1673;Della Hart;Male;11/8/1961;umha@tiwpo.me;True;
1674;Adelaide Pratt;Female;6/7/1957;wopwero@ed.bo;True;
1675;Gussie Berry;Female;1/7/1978;lisisat@iv.gf;True;
1676;Arthur Jones;Male;4/1/1997;vuvo@hog.vg;True;
1680;Benjamin Moore;Male;18/8/1981;apje@todviavo.tg;True;
1681;Nathaniel Floyd;Male;12/9/1971;on@jikoc.iq;True;
1682;Patrick Morales;Male;11/6/1992;ju@asano.ph;True;
1684;Rosa Kelly;Male;15/8/1972;be@uc.gq;True;
1685;Walter Griffin;Female;12/5/1955;tilce@mig.ws;True;
1687;Carlos Weber;Male;8/11/1973;lesu@witcav.pa;True;
1688;Mason French;Female;26/1/1957;isise@zelilonid.jm;True;
1689;Alberta Walsh;Male;29/9/1966;uc@vodiv.bq;True;
1690;George Griffin;Female;20/12/1989;sofra@me.ec;True;
1692;Martha Howell;Male;18/4/1959;bavac@neto.us;True;
1694;Gertrude Yates;Male;1/1/1961;ineensig@edahukci.pw;True;
1700;Jon Byrd;Female;18/9/1979;dusgabo@at.vi;True;
1704;Max Gray;Female;21/8/1970;ipo@fu.lv;True;
1705;Myra Marshall;Female;17/7/1995;lim@jugzo.ua;True;
1706;Gavin Stewart;Male;22/7/1957;ces@hucose.gb;True;
1709;Richard Andrews;Male;12/11/1954;fuulo@lav.ee;True;
1713;Viola Mack;Male;29/4/2000;ege@gidela.ac;True;
1714;Arthur Washington;Female;6/10/1955;maz@mihgapifo.lt;True;
1715;Aiden Price;Female;13/1/1979;ni@or.tm;True;
1716;Ina Green;Female;8/1/1973;pafihbe@hagim.bf;True;
1717;May Santiago;Female;26/8/1963;fihuru@omivefkaw.pl;True;
1718;Mamie Cortez;Female;30/5/1966;zuj@gan.ee;True;
1719;Martha Mason;Female;26/1/1996;puclap@bizik.li;True;
1720;Gavin Harris;Male;7/3/1989;ifa@wigeb.et;True;
1722;John Dixon;Female;1/2/1985;ro@jenpigi.hm;True;
1723;Olivia Clarke;Male;17/12/1960;ho@uc.wf;True;
1724;Emily James;Male;30/7/1966;hecoake@wodokut.pe;True;
1725;Todd Cruz;Female;5/5/1974;owovu@jek.km;True;
1728;Hunter Rice;Male;6/2/1968;itujuzve@ha.nu;True;
1730;Frances Dean;Female;6/10/1985;duwke@fetibuc.me;True;
1734;Craig Copeland;Male;20/2/1969;wumewne@buabarun.kw;True;
1737;Michael Parsons;Female;7/1/1967;uzvumji@cikizka.ci;True;
1740;Christian Wilkins;Male;17/4/1961;gumsinu@cucehi.mq;True;
1741;Jacob Munoz;Male;12/6/1960;ek@pobte.vn;True;
1744;Rosa Duncan;Male;28/1/1976;di@ka.gov;True;
1746;Philip Gilbert;Female;10/2/2000;oru@ga.gi;True;
1747;Vernon Doyle;Female;29/3/1994;lotekod@edev.lt;True;
1754;Jim Santiago;Male;17/9/1983;ulumoic@uzdo.tg;True;
1755;Kathryn Page;Female;13/12/1994;meto@pazap.mz;True;
1757;Nancy Wagner;Male;8/11/1982;tow@pe.sd;True;
1758;Vera Fowler;Female;6/3/1981;eredu@vewkuma.nz;True;
1759;Mae Adkins;Male;12/5/1960;renriuf@ti.er;True;
1762;Marvin Newman;Female;11/1/1988;ez@mabtuoze.md;True;
1768;Florence Warren;Female;16/12/1956;hugji@vi.tk;True;
1770;Vincent Garrett;Male;9/5/1980;led@itgiuk.ng;True;
1771;Louis Bates;Female;29/10/2000;saplear@guren.dz;True;
1772;Jack Rhodes;Male;27/12/1995;elnuhup@ut.sh;True;
1773;Mabel Burton;Male;26/1/1953;tewihop@ku.uk;True;
1774;Alvin Simpson;Male;29/5/1968;migmamjoj@uvu.ck;True;
1776;Bobby Hart;Female;23/8/1994;go@baobuak.fr;True;
1777;Henrietta Torres;Female;28/1/1957;lesleho@ne.sn;True;
1778;Dustin Page;Male;18/2/1965;lu@zonfof.sc;True;
1781;Donald Wilkins;Female;22/1/1985;cakovho@puhuju.by;True;
1782;Myrtie Taylor;Male;20/8/1979;koltisig@go.za;True;
1784;Marcus Underwood;Male;26/11/1965;cisrasreh@si.dz;True;
1785;Elnora Perry;Female;23/7/1972;aga@niclo.na;True;
1787;Rebecca Hernandez;Female;9/1/1993;oho@asko.hn;True;
1789;Mike Manning;Female;27/7/1963;cupebgog@dacimu.na;True;
1790;Francis Sanchez;Male;7/8/1966;biz@ka.vn;True;
1792;Micheal Saunders;Male;26/6/1971;wisi@fog.lu;True;
1793;Manuel Vasquez;Male;8/5/1993;hu@suzpu.do;True;
1795;Alvin Bush;Female;29/8/1971;suvamub@gonbu.nf;True;
1796;Caleb Luna;Male;30/6/1975;rofo@zebzog.gu;True;
1798;Carlos Logan;Male;4/9/1975;wujhocce@rav.kg;True;
1799;Edna Moss;Male;26/9/1996;bi@lo.et;True;
1800;Ricardo Mason;Female;20/12/1996;ce@me.vn;True;
1801;Tillie Spencer;Male;2/12/1983;jib@mafobsi.ly;True;
1804;Dennis Steele;Female;12/1/1964;pulrigpu@beadu.uy;True;
1806;Mario Lopez;Male;3/10/1954;zibame@ecnoar.gn;True;
1808;Harriett McCarthy;Female;27/6/1955;nera@um.ro;True;
1812;Elnora Underwood;Male;30/7/1980;piko@isu.eg;True;
1813;Elmer Potter;Female;20/10/1996;retauk@rukoolo.mw;True;
1815;Daniel Daniel;Male;3/2/1968;em@de.ad;True;
1817;Bruce Yates;Male;23/6/1994;gu@etefbir.ps;True;
1818;Willie Bell;Female;24/2/1983;zuwodi@ojoitmof.gg;True;
1819;Hallie Blake;Male;1/1/1954;suil@negoebe.jp;True;
1821;Hettie Woods;Female;26/5/1975;fosnoh@bibpabib.kh;True;
1824;Lottie Hansen;Female;24/6/1994;ca@woj.cm;True;
1829;Cory Wells;Male;25/10/2000;hub@ra.io;True;
1833;Jack Alvarez;Male;14/5/1990;arehipaf@dun.sx;True;
1835;Dora James;Female;17/11/1974;giboto@mivruse.az;True;
1837;Phillip Santos;Male;2/6/1980;igeva@pinsiroci.dz;True;
1839;Sally Doyle;Female;24/4/1972;rok@denepba.tj;True;
1841;Devin Yates;Male;14/7/1956;wan@tunet.kp;True;
1842;Alberta Brooks;Male;15/11/1960;ac@vucwisek.rs;True;
1847;Willie West;Male;26/12/1998;vol@ma.hu;True;
1848;Sara Porter;Female;16/4/1982;zi@oje.ws;True;
1850;Lura Carter;Female;25/8/1975;asuwif@pi.vn;True;
1851;Alan Burgess;Female;25/6/1953;las@noud.pr;True;
1854;Clara Franklin;Male;14/2/1983;huzor@ga.np;True;
1857;Ellen Lucas;Female;4/11/1976;vipji@elijit.ao;True;
1859;Cecelia Matthews;Female;25/12/1967;monkata@japzun.org;True;
1860;Mollie Stone;Female;29/1/1984;fojimziz@suzpifnag.li;True;
1862;Ivan Ford;Male;13/7/1979;gik@pofauba.ls;True;
1866;Harold Reese;Female;21/12/1961;wat@agi.io;True;
1868;Harold Gonzales;Male;11/2/1966;pogkozjiv@vemsap.by;True;
1869;Lydia Gill;Male;24/10/1976;ajetucu@hecnoko.org;True;
1871;Jeremiah Fernandez;Male;25/1/1994;upzes@uvbi.ws;True;
1872;Owen Schneider;Female;24/6/1981;woruvvo@dese.ci;True;
1873;Lora Lynch;Male;29/5/1980;wusim@lot.pn;True;
1876;Adele White;Female;5/8/1981;weh@ku.sn;True;
1880;Jimmy Abbott;Female;22/12/1995;zuepozil@wemvi.uk;True;
1882;Calvin Harrington;Male;17/4/1982;faz@kingo.as;True;
1883;Jackson Walton;Male;17/11/1962;uziej@diksu.im;True;
1884;Cody Mendoza;Female;29/4/1960;elak@fohet.gs;True;
1885;Isaac Swanson;Female;29/4/1965;gahsave@roru.gt;True;
1886;Eddie Patrick;Female;8/8/1973;wum@arva.er;True;
1887;Dollie Olson;Female;13/4/1991;awa@meidedu.fj;True;
1889;Oscar Carroll;Male;5/6/1977;muc@ram.bf;True;
1890;Ronald Copeland;Female;19/3/1976;ma@lub.yt;True;
1893;Isabel Nash;Male;24/2/2000;jis@egoavrek.tg;True;
1894;Gertrude Atkins;Female;24/12/1990;gaikho@ilronvog.jp;True;
1896;Michael Hall;Female;2/7/1961;zah@ro.mc;True;
1899;Edith Perez;Male;4/2/2000;sotfige@bos.ng;True;
1900;Hettie Rios;Male;22/11/1953;hihokoc@hor.su;True;
1902;Leon Rice;Male;23/6/1970;fahetel@hohu.tp;True;
1903;Alta Harrington;Female;20/2/1965;veg@cime.it;True;
1904;Elmer Mendoza;Female;2/10/1986;tegofbe@ca.lv;True;
1911;Johanna Gutierrez;Male;16/4/1965;ditih@hat.bg;True;
1917;Phoebe Richards;Female;2/6/1971;berimgis@dosseneh.tl;True;
1919;George Fields;Female;23/9/1977;jucok@ed.sy;True;
1921;Trevor Reeves;Female;27/8/1960;revgul@dic.no;True;
1922;Clara Higgins;Male;2/4/1975;nisgus@dor.com;True;
1923;Etta Buchanan;Female;31/10/1975;tijgof@pajko.ir;True;
1924;Mildred Alvarado;Female;13/6/1958;ha@nulemwuh.my;True;
1925;May Daniels;Female;27/3/1972;feh@fezirkiw.kz;True;
1927;Vincent Floyd;Male;28/5/1990;vuh@fac.id;True;
1928;Estelle Kelly;Female;31/1/1994;ipnaz@nafo.np;True;
1929;Mollie Pearson;Female;30/8/1956;en@kenusbip.ye;True;
1930;Lillie Tate;Female;30/3/1987;nukcat@monmalim.pf;True;
1932;Nicholas Bishop;Female;17/3/1993;se@tarugle.pe;True;
1934;Douglas Ballard;Male;27/5/1987;ebgoclat@ruevu.ss;True;
1937;Harvey Harrington;Female;5/7/1989;kal@go.pt;True;
1940;Janie Byrd;Female;7/2/1989;osamu@bugotbe.bs;True;
1944;Tom Griffin;Female;2/2/1957;locod@azuurecup.sc;True;
1949;Kate Walters;Male;11/9/1954;zifof@gaila.bs;True;
1952;Effie Collier;Female;15/6/1977;soluglaz@puhgaow.bd;True;
1954;Clara Yates;Female;29/11/1959;wewlo@puwnis.sj;True;
1956;Jorge Turner;Male;25/2/1966;vadu@of.yt;True;
1957;Rachel Mack;Male;11/10/1954;calmi@ito.so;True;
1958;Oscar Hall;Male;19/8/1953;avi@ipwoz.sh;True;
1959;Justin Riley;Male;25/12/1982;juum@vole.co.uk;True;
1961;Ethel Potter;Female;21/6/1961;cuag@pag.mk;True;
1964;Warren Jordan;Male;25/6/1988;sisrehsiv@ne.cd;True;
1966;Ralph White;Female;31/10/1976;cu@in.sj;True;
1968;Gilbert Cruz;Female;18/5/1957;usdu@ca.tr;True;
1969;Olivia Fowler;Female;8/9/1957;vabsad@tig.km;True;
1972;Harvey Singleton;Female;25/6/1957;hibul@odeje.na;True;
1975;Maude Cross;Male;12/8/1985;cacere@waviv.ar;True;
1977;Mario Owen;Male;26/7/1970;be@egpohod.lc;True;
1978;Thomas Ray;Female;18/1/1982;pa@gurunwip.gm;True;
1979;Andre Bates;Female;15/12/1977;nokoh@rudos.lb;True;
1981;Isabel Holt;Female;13/10/1997;foftut@bajjeppag.ec;True;
1983;Blake Greene;Female;15/5/1975;muiwsu@esaviteca.gn;True;
1984;Marcus Vargas;Female;28/10/1991;puguga@aszud.mr;True;
1986;David Perkins;Female;28/1/1958;aca@wa.uk;True;
1987;Sadie Stewart;Male;24/7/1966;oteej@wobromip.org;True;
1990;Frances Vargas;Female;21/7/1986;igeak@aro.sr;True;
1991;Elsie Peterson;Male;9/4/1967;dopcivuh@ducsif.af;True;
1992;Emily Carroll;Female;2/7/1987;concib@bakiip.fj;True;
1995;Fanny Torres;Female;23/2/1979;riwes@wu.no;True;
1996;Jared Hines;Male;10/11/1983;gopi@rubvih.bi;True;
1998;Katie Mitchell;Male;3/2/1986;ukocof@ohke.ve;True;
1999;Kathryn Day;Female;13/1/1974;muramat@pageini.pm;True;
